Record,Unique_ID,EQR,P,Exclude_P,N,Exclude_N,BioClass,Group,EQR_Raw,MS,Source
1,7643,0.439,824,0,3220,0,3,L-CB2,0.449,BE,..\..\GIGs_ICData\CB_Phyto\Phyto_LCB2v10.csv
2,7645,0.391,81.3,0,2650,0,2,L-CB2,0.391,BE,..\..\GIGs_ICData\CB_Phyto\Phyto_LCB2v10.csv
3,7648,0.344,922.1,0,,0,2,L-CB2,0.344,BE,..\..\GIGs_ICData\CB_Phyto\Phyto_LCB2v10.csv
4,7648,,1444.7,0,,0,NA,L-CB2,,BE,..\..\GIGs_ICData\CB_Phyto\Phyto_LCB2v10.csv
5,7648,0.335,506.9,0,,0,2,L-CB2,0.335,BE,..\..\GIGs_ICData\CB_Phyto\Phyto_LCB2v10.csv
6,7648,0.275,626.7,0,,0,2,L-CB2,0.275,BE,..\..\GIGs_ICData\CB_Phyto\Phyto_LCB2v10.csv
7,7648,0.577,663.1,0,,0,3,L-CB2,0.622,BE,..\..\GIGs_ICData\CB_Phyto\Phyto_LCB2v10.csv
8,7649,0.756,1140.6,0,,0,4,L-CB2,0.82,BE,..\..\GIGs_ICData\CB_Phyto\Phyto_LCB2v10.csv
9,7649,0.811,944.7,0,,0,5,L-CB2,0.951,BE,..\..\GIGs_ICData\CB_Phyto\Phyto_LCB2v10.csv
10,7649,,2117.5,0,,0,NA,L-CB2,,BE,..\..\GIGs_ICData\CB_Phyto\Phyto_LCB2v10.csv
11,7649,0.858,922.8,0,,0,5,L-CB2,1.31,BE,..\..\GIGs_ICData\CB_Phyto\Phyto_LCB2v10.csv
12,7653,0.627,118,0,5700,0,4,L-CB2,0.68,BE,..\..\GIGs_ICData\CB_Phyto\Phyto_LCB2v10.csv
13,7655,0.288,54.6,0,1020,0,2,L-CB2,0.288,DE,..\..\GIGs_ICData\CB_Phyto\Phyto_LCB2v10.csv
14,7664,0.777,34,0,,0,4,L-CB2,0.842,DE,..\..\GIGs_ICData\CB_Phyto\Phyto_LCB2v10.csv
15,7669,0.551,87.5,0,,0,3,L-CB2,0.589,DE,..\..\GIGs_ICData\CB_Phyto\Phyto_LCB2v10.csv
16,7672,0.523,112.6,0,,0,3,L-CB2,0.554,DE,..\..\GIGs_ICData\CB_Phyto\Phyto_LCB2v10.csv
17,7697,0.398,74.8,0,,0,2,L-CB2,0.398,DE,..\..\GIGs_ICData\CB_Phyto\Phyto_LCB2v10.csv
18,7699,0.408,295,0,,0,3,L-CB2,0.41,DE,..\..\GIGs_ICData\CB_Phyto\Phyto_LCB2v10.csv
19,7699,0.356,260,0,,0,2,L-CB2,0.356,DE,..\..\GIGs_ICData\CB_Phyto\Phyto_LCB2v10.csv
20,7705,0.381,182.6,0,,0,2,L-CB2,0.381,DE,..\..\GIGs_ICData\CB_Phyto\Phyto_LCB2v10.csv
21,7707,0.386,234,0,,0,2,L-CB2,0.386,DE,..\..\GIGs_ICData\CB_Phyto\Phyto_LCB2v10.csv
22,7735,0.619,277.5,0,,0,4,L-CB2,0.671,DE,..\..\GIGs_ICData\CB_Phyto\Phyto_LCB2v10.csv
23,7764,0.524,124,0,,0,3,L-CB2,0.555,DE,..\..\GIGs_ICData\CB_Phyto\Phyto_LCB2v10.csv
24,7765,0.324,292,0,,0,2,L-CB2,0.324,DE,..\..\GIGs_ICData\CB_Phyto\Phyto_LCB2v10.csv
25,7766,0.513,43.4,0,680,0,3,L-CB2,0.542,DE,..\..\GIGs_ICData\CB_Phyto\Phyto_LCB2v10.csv
26,7767,0.292,256.8,0,1760,0,2,L-CB2,0.292,DE,..\..\GIGs_ICData\CB_Phyto\Phyto_LCB2v10.csv
27,7787,0.781,72.6,0,,0,4,L-CB2,0.846,DE,..\..\GIGs_ICData\CB_Phyto\Phyto_LCB2v10.csv
28,7787,0.631,82,0,,0,4,L-CB2,0.685,DE,..\..\GIGs_ICData\CB_Phyto\Phyto_LCB2v10.csv
29,7816,0.456,157.5,0,,0,3,L-CB2,0.47,DE,..\..\GIGs_ICData\CB_Phyto\Phyto_LCB2v10.csv
30,7833,0.369,249.4,0,1590,0,2,L-CB2,0.369,DE,..\..\GIGs_ICData\CB_Phyto\Phyto_LCB2v10.csv
31,7848,0.627,232,0,,0,4,L-CB2,0.68,DE,..\..\GIGs_ICData\CB_Phyto\Phyto_LCB2v10.csv
32,7868,0.503,87.5,0,,0,3,L-CB2,0.529,DE,..\..\GIGs_ICData\CB_Phyto\Phyto_LCB2v10.csv
33,7879,0.804,43.4,0,890,0,5,L-CB2,0.901,DK,..\..\GIGs_ICData\CB_Phyto\Phyto_LCB2v10.csv
34,7882,0.468,113.7,0,1530,0,3,L-CB2,0.485,DK,..\..\GIGs_ICData\CB_Phyto\Phyto_LCB2v10.csv
35,7887,0.265,71.5,0,2110,0,2,L-CB2,0.265,DK,..\..\GIGs_ICData\CB_Phyto\Phyto_LCB2v10.csv
36,7888,0.391,98.6,0,1720,0,2,L-CB2,0.391,DK,..\..\GIGs_ICData\CB_Phyto\Phyto_LCB2v10.csv
37,7891,0.609,96,0,980,0,4,L-CB2,0.661,DK,..\..\GIGs_ICData\CB_Phyto\Phyto_LCB2v10.csv
38,7892,0.402,203.1,0,2290,0,3,L-CB2,0.402,DK,..\..\GIGs_ICData\CB_Phyto\Phyto_LCB2v10.csv
39,7892,0.493,370.9,0,2360,0,3,L-CB2,0.517,DK,..\..\GIGs_ICData\CB_Phyto\Phyto_LCB2v10.csv
40,7892,0.517,155,0,1960,0,3,L-CB2,0.547,DK,..\..\GIGs_ICData\CB_Phyto\Phyto_LCB2v10.csv
41,7895,0.692,82.8,0,1490,0,4,L-CB2,0.75,DK,..\..\GIGs_ICData\CB_Phyto\Phyto_LCB2v10.csv
42,7899,0.272,3333.6,0,3790,0,2,L-CB2,0.272,DK,..\..\GIGs_ICData\CB_Phyto\Phyto_LCB2v10.csv
43,7900,0.18,412,0,3400,0,1,L-CB2,0.18,DK,..\..\GIGs_ICData\CB_Phyto\Phyto_LCB2v10.csv
44,7903,0.519,103.8,0,1960,0,3,L-CB2,0.549,DK,..\..\GIGs_ICData\CB_Phyto\Phyto_LCB2v10.csv
45,7904,0.681,293.1,0,1330,0,4,L-CB2,0.739,DK,..\..\GIGs_ICData\CB_Phyto\Phyto_LCB2v10.csv
46,7905,0.262,292.2,0,2340,0,2,L-CB2,0.262,DK,..\..\GIGs_ICData\CB_Phyto\Phyto_LCB2v10.csv
47,7905,0.262,368.3,0,2030,0,2,L-CB2,0.262,DK,..\..\GIGs_ICData\CB_Phyto\Phyto_LCB2v10.csv
48,7905,0.185,470.3,0,3360,0,1,L-CB2,0.185,DK,..\..\GIGs_ICData\CB_Phyto\Phyto_LCB2v10.csv
49,7905,0.189,421.8,0,3600,0,1,L-CB2,0.189,DK,..\..\GIGs_ICData\CB_Phyto\Phyto_LCB2v10.csv
50,7906,,126,0,1250,0,NA,L-CB2,,DK,..\..\GIGs_ICData\CB_Phyto\Phyto_LCB2v10.csv
51,7911,0.808,111.3,0,1160,0,5,L-CB2,0.926,DK,..\..\GIGs_ICData\CB_Phyto\Phyto_LCB2v10.csv
52,7912,0.28,325.8,0,2640,0,2,L-CB2,0.28,DK,..\..\GIGs_ICData\CB_Phyto\Phyto_LCB2v10.csv
53,7912,0.309,283.2,0,2610,0,2,L-CB2,0.309,DK,..\..\GIGs_ICData\CB_Phyto\Phyto_LCB2v10.csv
54,7912,0.287,308.1,0,2500,0,2,L-CB2,0.287,DK,..\..\GIGs_ICData\CB_Phyto\Phyto_LCB2v10.csv
55,7914,0.544,171.4,0,1410,0,3,L-CB2,0.581,DK,..\..\GIGs_ICData\CB_Phyto\Phyto_LCB2v10.csv
56,7915,0.744,44.3,0,1390,0,4,L-CB2,0.806,DK,..\..\GIGs_ICData\CB_Phyto\Phyto_LCB2v10.csv
57,7916,0.743,138.5,0,920,0,4,L-CB2,0.805,DK,..\..\GIGs_ICData\CB_Phyto\Phyto_LCB2v10.csv
58,7918,0.68,58,0,1530,0,4,L-CB2,0.737,DK,..\..\GIGs_ICData\CB_Phyto\Phyto_LCB2v10.csv
59,7919,0.418,307.8,0,2430,0,3,L-CB2,0.422,DK,..\..\GIGs_ICData\CB_Phyto\Phyto_LCB2v10.csv
60,7921,0.261,213.4,0,1810,0,2,L-CB2,0.261,DK,..\..\GIGs_ICData\CB_Phyto\Phyto_LCB2v10.csv
61,7922,0.162,838.5,0,2450,0,1,L-CB2,0.162,DK,..\..\GIGs_ICData\CB_Phyto\Phyto_LCB2v10.csv
62,7924,0.336,78.5,0,1450,0,2,L-CB2,0.336,DK,..\..\GIGs_ICData\CB_Phyto\Phyto_LCB2v10.csv
63,7925,0.684,48.8,0,1920,0,4,L-CB2,0.742,DK,..\..\GIGs_ICData\CB_Phyto\Phyto_LCB2v10.csv
64,7925,0.597,40,0,1620,0,3,L-CB2,0.647,DK,..\..\GIGs_ICData\CB_Phyto\Phyto_LCB2v10.csv
65,7925,0.676,34.1,0,1120,0,4,L-CB2,0.733,DK,..\..\GIGs_ICData\CB_Phyto\Phyto_LCB2v10.csv
66,7929,0.529,166.6,0,1140,0,3,L-CB2,0.562,DK,..\..\GIGs_ICData\CB_Phyto\Phyto_LCB2v10.csv
67,7929,0.529,171.9,0,1910,0,3,L-CB2,0.562,DK,..\..\GIGs_ICData\CB_Phyto\Phyto_LCB2v10.csv
68,7929,0.487,189.9,0,2100,0,3,L-CB2,0.509,DK,..\..\GIGs_ICData\CB_Phyto\Phyto_LCB2v10.csv
69,7930,0.804,181.8,0,1620,0,5,L-CB2,0.896,DK,..\..\GIGs_ICData\CB_Phyto\Phyto_LCB2v10.csv
70,7932,0.425,199.6,0,2570,0,3,L-CB2,0.432,DK,..\..\GIGs_ICData\CB_Phyto\Phyto_LCB2v10.csv
71,7933,0.473,56.3,0,1500,0,3,L-CB2,0.492,DK,..\..\GIGs_ICData\CB_Phyto\Phyto_LCB2v10.csv
72,7935,0.739,49,0,920,0,4,L-CB2,0.801,DK,..\..\GIGs_ICData\CB_Phyto\Phyto_LCB2v10.csv
73,7937,0.316,202.2,0,1740,0,2,L-CB2,0.316,DK,..\..\GIGs_ICData\CB_Phyto\Phyto_LCB2v10.csv
74,7938,0.386,106.5,0,1740,0,2,L-CB2,0.386,DK,..\..\GIGs_ICData\CB_Phyto\Phyto_LCB2v10.csv
75,7939,0.868,11.1,0,890,0,5,L-CB2,1.389,DK,..\..\GIGs_ICData\CB_Phyto\Phyto_LCB2v10.csv
76,7940,0.251,133.8,0,1910,0,2,L-CB2,0.251,DK,..\..\GIGs_ICData\CB_Phyto\Phyto_LCB2v10.csv
77,7941,0.71,120.1,0,1220,0,4,L-CB2,0.77,DK,..\..\GIGs_ICData\CB_Phyto\Phyto_LCB2v10.csv
78,7942,0.69,31,0,350,0,4,L-CB2,0.748,DK,..\..\GIGs_ICData\CB_Phyto\Phyto_LCB2v10.csv
79,7944,0.586,275.4,0,1930,0,3,L-CB2,0.633,DK,..\..\GIGs_ICData\CB_Phyto\Phyto_LCB2v10.csv
80,7945,0.696,162.7,0,1130,0,4,L-CB2,0.755,DK,..\..\GIGs_ICData\CB_Phyto\Phyto_LCB2v10.csv
81,7946,0.476,83.4,0,830,0,3,L-CB2,0.495,DK,..\..\GIGs_ICData\CB_Phyto\Phyto_LCB2v10.csv
82,7946,0.492,49.6,0,660,0,3,L-CB2,0.516,DK,..\..\GIGs_ICData\CB_Phyto\Phyto_LCB2v10.csv
83,7946,0.586,43.4,0,680,0,3,L-CB2,0.633,DK,..\..\GIGs_ICData\CB_Phyto\Phyto_LCB2v10.csv
84,7947,0.812,40.4,0,920,0,5,L-CB2,0.956,DK,..\..\GIGs_ICData\CB_Phyto\Phyto_LCB2v10.csv
85,7952,0.812,,0,1100,0,5,L-CB2,0.96,DK,..\..\GIGs_ICData\CB_Phyto\Phyto_LCB2v10.csv
86,7954,0.473,72.5,0,4700,0,3,L-CB2,0.492,DK,..\..\GIGs_ICData\CB_Phyto\Phyto_LCB2v10.csv
87,7956,0.441,91.1,0,1150,0,3,L-CB2,0.451,DK,..\..\GIGs_ICData\CB_Phyto\Phyto_LCB2v10.csv
88,7957,0.538,62.2,0,1330,0,3,L-CB2,0.573,DK,..\..\GIGs_ICData\CB_Phyto\Phyto_LCB2v10.csv
89,7958,0.418,90.6,0,1900,0,3,L-CB2,0.422,DK,..\..\GIGs_ICData\CB_Phyto\Phyto_LCB2v10.csv
90,7959,0.658,72.6,0,2270,0,4,L-CB2,0.714,DK,..\..\GIGs_ICData\CB_Phyto\Phyto_LCB2v10.csv
91,7960,0.454,62.6,0,990,0,3,L-CB2,0.468,DK,..\..\GIGs_ICData\CB_Phyto\Phyto_LCB2v10.csv
92,7965,0.229,275.4,0,2630,0,2,L-CB2,0.229,DK,..\..\GIGs_ICData\CB_Phyto\Phyto_LCB2v10.csv
93,7966,0.233,161.6,0,2410,0,2,L-CB2,0.233,DK,..\..\GIGs_ICData\CB_Phyto\Phyto_LCB2v10.csv
94,7968,0.414,117,0,1490,0,3,L-CB2,0.418,DK,..\..\GIGs_ICData\CB_Phyto\Phyto_LCB2v10.csv
95,7970,0.789,45.1,0,2100,0,4,L-CB2,0.855,DK,..\..\GIGs_ICData\CB_Phyto\Phyto_LCB2v10.csv
96,7971,0.409,171.3,0,2080,0,3,L-CB2,0.411,DK,..\..\GIGs_ICData\CB_Phyto\Phyto_LCB2v10.csv
97,7973,0.302,262.3,0,1580,0,2,L-CB2,0.302,DK,..\..\GIGs_ICData\CB_Phyto\Phyto_LCB2v10.csv
98,7978,0.432,97.9,0,1610,0,3,L-CB2,0.44,DK,..\..\GIGs_ICData\CB_Phyto\Phyto_LCB2v10.csv
99,7979,0.753,95.5,0,1150,0,4,L-CB2,0.816,DK,..\..\GIGs_ICData\CB_Phyto\Phyto_LCB2v10.csv
100,7980,0.589,425.6,0,1130,0,3,L-CB2,0.637,DK,..\..\GIGs_ICData\CB_Phyto\Phyto_LCB2v10.csv
101,7982,0.56,33.2,0,1440,0,3,L-CB2,0.601,DK,..\..\GIGs_ICData\CB_Phyto\Phyto_LCB2v10.csv
102,7985,0.389,25.5,0,1310,0,2,L-CB2,0.389,EE,..\..\GIGs_ICData\CB_Phyto\Phyto_LCB2v10.csv
103,7987,0.462,51.5,0,640,0,3,L-CB2,0.478,EE,..\..\GIGs_ICData\CB_Phyto\Phyto_LCB2v10.csv
104,7989,0.853,20,0,910,0,5,L-CB2,1.272,EE,..\..\GIGs_ICData\CB_Phyto\Phyto_LCB2v10.csv
105,7990,0.379,30,0,1070,0,2,L-CB2,0.379,EE,..\..\GIGs_ICData\CB_Phyto\Phyto_LCB2v10.csv
106,7993,0.557,23.5,0,440,0,3,L-CB2,0.597,EE,..\..\GIGs_ICData\CB_Phyto\Phyto_LCB2v10.csv
107,8003,0.579,19,0,640,0,3,L-CB2,0.625,EE,..\..\GIGs_ICData\CB_Phyto\Phyto_LCB2v10.csv
108,8003,0.551,25,0,550,0,3,L-CB2,0.59,EE,..\..\GIGs_ICData\CB_Phyto\Phyto_LCB2v10.csv
109,8004,0.377,50,0,1300,0,2,L-CB2,0.377,EE,..\..\GIGs_ICData\CB_Phyto\Phyto_LCB2v10.csv
110,8007,0.861,12.5,0,750,0,5,L-CB2,1.338,EE,..\..\GIGs_ICData\CB_Phyto\Phyto_LCB2v10.csv
111,8008,0.85,9,0,600,0,5,L-CB2,1.254,EE,..\..\GIGs_ICData\CB_Phyto\Phyto_LCB2v10.csv
112,8010,0.813,25.5,0,1150,0,5,L-CB2,0.966,EE,..\..\GIGs_ICData\CB_Phyto\Phyto_LCB2v10.csv
113,8011,0.829,20,0,1420,0,5,L-CB2,1.087,EE,..\..\GIGs_ICData\CB_Phyto\Phyto_LCB2v10.csv
114,8012,0.601,47.5,0,1910,0,4,L-CB2,0.652,EE,..\..\GIGs_ICData\CB_Phyto\Phyto_LCB2v10.csv
115,8016,0.816,30,0,1130,0,5,L-CB2,0.99,EE,..\..\GIGs_ICData\CB_Phyto\Phyto_LCB2v10.csv
116,8020,0.803,33,0,1060,0,5,L-CB2,0.892,EE,..\..\GIGs_ICData\CB_Phyto\Phyto_LCB2v10.csv
117,8023,0.732,59,0,920,0,4,L-CB2,0.794,EE,..\..\GIGs_ICData\CB_Phyto\Phyto_LCB2v10.csv
118,8026,0.703,28.5,0,1280,0,4,L-CB2,0.762,EE,..\..\GIGs_ICData\CB_Phyto\Phyto_LCB2v10.csv
119,8027,0.8,30,0,1820,0,4,L-CB2,0.87,EE,..\..\GIGs_ICData\CB_Phyto\Phyto_LCB2v10.csv
120,8029,0.859,14.5,0,560,0,5,L-CB2,1.32,EE,..\..\GIGs_ICData\CB_Phyto\Phyto_LCB2v10.csv
121,8030,0.705,29,0,920,0,4,L-CB2,0.764,EE,..\..\GIGs_ICData\CB_Phyto\Phyto_LCB2v10.csv
122,8034,0.804,27,0,1400,0,5,L-CB2,0.895,EE,..\..\GIGs_ICData\CB_Phyto\Phyto_LCB2v10.csv
123,8036,0.814,20.5,0,690,0,5,L-CB2,0.975,EE,..\..\GIGs_ICData\CB_Phyto\Phyto_LCB2v10.csv
124,8039,1,13.5,0,1490,0,5,L-CB2,2.417,EE,..\..\GIGs_ICData\CB_Phyto\Phyto_LCB2v10.csv
125,8042,0.826,20.5,0,1060,0,5,L-CB2,1.069,EE,..\..\GIGs_ICData\CB_Phyto\Phyto_LCB2v10.csv
126,8044,0.809,16,0,870,0,5,L-CB2,0.938,EE,..\..\GIGs_ICData\CB_Phyto\Phyto_LCB2v10.csv
127,8045,0.855,13,0,1100,0,5,L-CB2,1.289,EE,..\..\GIGs_ICData\CB_Phyto\Phyto_LCB2v10.csv
128,8047,0.711,22,0,790,0,4,L-CB2,0.771,EE,..\..\GIGs_ICData\CB_Phyto\Phyto_LCB2v10.csv
129,8062,0.806,32.1,0,,0,5,L-CB2,0.915,IE,..\..\GIGs_ICData\CB_Phyto\Phyto_LCB2v10.csv
130,8069,0.84,10,0,,0,5,L-CB2,1.176,IE,..\..\GIGs_ICData\CB_Phyto\Phyto_LCB2v10.csv
131,8071,0.881,25,0,,0,5,L-CB2,1.486,IE,..\..\GIGs_ICData\CB_Phyto\Phyto_LCB2v10.csv
132,8074,0.803,36.3,0,,0,5,L-CB2,0.887,IE,..\..\GIGs_ICData\CB_Phyto\Phyto_LCB2v10.csv
133,8076,0.859,14,0,,0,5,L-CB2,1.32,IE,..\..\GIGs_ICData\CB_Phyto\Phyto_LCB2v10.csv
134,8079,0.803,28.5,0,,0,5,L-CB2,0.888,IE,..\..\GIGs_ICData\CB_Phyto\Phyto_LCB2v10.csv
135,8083,0.824,36.7,0,,0,5,L-CB2,1.05,IE,..\..\GIGs_ICData\CB_Phyto\Phyto_LCB2v10.csv
136,8095,0.793,76.7,0,,0,4,L-CB2,0.859,IE,..\..\GIGs_ICData\CB_Phyto\Phyto_LCB2v10.csv
137,8096,0.756,79.1,0,,0,4,L-CB2,0.819,IE,..\..\GIGs_ICData\CB_Phyto\Phyto_LCB2v10.csv
138,8097,0.849,10,0,,0,5,L-CB2,1.244,IE,..\..\GIGs_ICData\CB_Phyto\Phyto_LCB2v10.csv
139,7597,0.514,55,0,1300,0,3,L-CB2,0.543,LT,..\..\GIGs_ICData\CB_Phyto\Phyto_LCB2v10.csv
140,7601,0.523,94,0,1150,0,3,L-CB2,0.554,LT,..\..\GIGs_ICData\CB_Phyto\Phyto_LCB2v10.csv
141,7602,0.781,42,0,670,0,4,L-CB2,0.846,LT,..\..\GIGs_ICData\CB_Phyto\Phyto_LCB2v10.csv
142,7604,0.445,53.5,0,1390,0,3,L-CB2,0.456,LT,..\..\GIGs_ICData\CB_Phyto\Phyto_LCB2v10.csv
143,7608,0.807,32.1,0,850,0,5,L-CB2,0.917,LT,..\..\GIGs_ICData\CB_Phyto\Phyto_LCB2v10.csv
144,7610,0.663,44.3,0,890,0,4,L-CB2,0.719,LT,..\..\GIGs_ICData\CB_Phyto\Phyto_LCB2v10.csv
145,7612,0.804,44.8,0,910,0,5,L-CB2,0.897,LT,..\..\GIGs_ICData\CB_Phyto\Phyto_LCB2v10.csv
146,7615,0.635,37.5,0,1970,0,4,L-CB2,0.689,LT,..\..\GIGs_ICData\CB_Phyto\Phyto_LCB2v10.csv
147,7618,0.805,21.3,0,1070,0,5,L-CB2,0.902,LT,..\..\GIGs_ICData\CB_Phyto\Phyto_LCB2v10.csv
148,7620,0.833,29,0,1530,0,5,L-CB2,1.117,LT,..\..\GIGs_ICData\CB_Phyto\Phyto_LCB2v10.csv
149,7622,0.912,16.3,0,690,0,5,L-CB2,1.727,LT,..\..\GIGs_ICData\CB_Phyto\Phyto_LCB2v10.csv
150,8103,0.874,56,0,1140,0,5,L-CB2,1.436,LT,..\..\GIGs_ICData\CB_Phyto\Phyto_LCB2v10.csv
151,8105,0.581,73,0,1350,0,3,L-CB2,0.627,LT,..\..\GIGs_ICData\CB_Phyto\Phyto_LCB2v10.csv
152,7629,0.84,21,0,920,0,5,L-CB2,1.176,LV,..\..\GIGs_ICData\CB_Phyto\Phyto_LCB2v10.csv
153,7629,0.808,24,0,700,0,5,L-CB2,0.929,LV,..\..\GIGs_ICData\CB_Phyto\Phyto_LCB2v10.csv
154,7629,0.863,20.5,0,710,0,5,L-CB2,1.348,LV,..\..\GIGs_ICData\CB_Phyto\Phyto_LCB2v10.csv
155,7630,0.498,31,0,1110,0,3,L-CB2,0.523,LV,..\..\GIGs_ICData\CB_Phyto\Phyto_LCB2v10.csv
156,7630,0.682,39,0,1090,0,4,L-CB2,0.74,LV,..\..\GIGs_ICData\CB_Phyto\Phyto_LCB2v10.csv
157,7630,0.511,45,0,800,0,3,L-CB2,0.539,LV,..\..\GIGs_ICData\CB_Phyto\Phyto_LCB2v10.csv
158,7635,0.827,22,0,,0,5,L-CB2,1.076,LV,..\..\GIGs_ICData\CB_Phyto\Phyto_LCB2v10.csv
159,7637,0.494,62,0,,0,3,L-CB2,0.518,LV,..\..\GIGs_ICData\CB_Phyto\Phyto_LCB2v10.csv
160,7637,0.531,47,0,960,0,3,L-CB2,0.565,LV,..\..\GIGs_ICData\CB_Phyto\Phyto_LCB2v10.csv
161,8120,0.803,160,0,1650,0,5,L-CB2,0.887,LV,..\..\GIGs_ICData\CB_Phyto\Phyto_LCB2v10.csv
162,8120,0.807,82.3,0,1600,0,5,L-CB2,0.918,LV,..\..\GIGs_ICData\CB_Phyto\Phyto_LCB2v10.csv
163,8121,0.415,77,0,,0,3,L-CB2,0.419,LV,..\..\GIGs_ICData\CB_Phyto\Phyto_LCB2v10.csv
164,8121,0.452,70,0,1990,0,3,L-CB2,0.465,LV,..\..\GIGs_ICData\CB_Phyto\Phyto_LCB2v10.csv
165,8121,0.731,57,0,880,0,4,L-CB2,0.792,LV,..\..\GIGs_ICData\CB_Phyto\Phyto_LCB2v10.csv
166,8121,0.465,81,0,1780,0,3,L-CB2,0.482,LV,..\..\GIGs_ICData\CB_Phyto\Phyto_LCB2v10.csv
167,8123,0.429,96,0,960,0,3,L-CB2,0.437,LV,..\..\GIGs_ICData\CB_Phyto\Phyto_LCB2v10.csv
168,8123,0.578,36,0,1380,0,3,L-CB2,0.624,LV,..\..\GIGs_ICData\CB_Phyto\Phyto_LCB2v10.csv
169,8123,,37,0,1340,0,NA,L-CB2,,LV,..\..\GIGs_ICData\CB_Phyto\Phyto_LCB2v10.csv
170,8124,0.918,10,0,860,0,5,L-CB2,1.771,LV,..\..\GIGs_ICData\CB_Phyto\Phyto_LCB2v10.csv
171,8124,0.911,13,0,810,0,5,L-CB2,1.72,LV,..\..\GIGs_ICData\CB_Phyto\Phyto_LCB2v10.csv
172,8125,0.473,130,0,2620,0,3,L-CB2,0.491,LV,..\..\GIGs_ICData\CB_Phyto\Phyto_LCB2v10.csv
173,8125,0.505,67,0,2080,0,3,L-CB2,0.532,LV,..\..\GIGs_ICData\CB_Phyto\Phyto_LCB2v10.csv
174,8125,0.745,35,0,800,0,4,L-CB2,0.808,LV,..\..\GIGs_ICData\CB_Phyto\Phyto_LCB2v10.csv
175,8128,0.527,50,0,,0,3,L-CB2,0.559,LV,..\..\GIGs_ICData\CB_Phyto\Phyto_LCB2v10.csv
176,8134,0.45,96,0,1170,0,3,L-CB2,0.463,LV,..\..\GIGs_ICData\CB_Phyto\Phyto_LCB2v10.csv
177,8134,0.4,100,0,2000,0,2,L-CB2,0.4,LV,..\..\GIGs_ICData\CB_Phyto\Phyto_LCB2v10.csv
178,8136,0.854,29,0,970,0,5,L-CB2,1.282,LV,..\..\GIGs_ICData\CB_Phyto\Phyto_LCB2v10.csv
179,8137,0.555,42,0,660,0,3,L-CB2,0.595,LV,..\..\GIGs_ICData\CB_Phyto\Phyto_LCB2v10.csv
180,8137,0.505,37.5,0,1040,0,3,L-CB2,0.532,LV,..\..\GIGs_ICData\CB_Phyto\Phyto_LCB2v10.csv
181,8137,0.575,42,0,1530,0,3,L-CB2,0.619,LV,..\..\GIGs_ICData\CB_Phyto\Phyto_LCB2v10.csv
182,8137,0.726,39.5,0,1100,0,4,L-CB2,0.787,LV,..\..\GIGs_ICData\CB_Phyto\Phyto_LCB2v10.csv
183,8137,0.812,20,0,850,0,5,L-CB2,0.962,LV,..\..\GIGs_ICData\CB_Phyto\Phyto_LCB2v10.csv
184,8138,0.781,22,0,,0,4,L-CB2,0.847,LV,..\..\GIGs_ICData\CB_Phyto\Phyto_LCB2v10.csv
185,8145,0.805,47,0,1330,0,5,L-CB2,0.906,LV,..\..\GIGs_ICData\CB_Phyto\Phyto_LCB2v10.csv
186,8145,0.671,35.5,0,1100,0,4,L-CB2,0.728,LV,..\..\GIGs_ICData\CB_Phyto\Phyto_LCB2v10.csv
187,8146,,52,0,1280,0,NA,L-CB2,,LV,..\..\GIGs_ICData\CB_Phyto\Phyto_LCB2v10.csv
188,8146,,54.5,0,1000,0,NA,L-CB2,,LV,..\..\GIGs_ICData\CB_Phyto\Phyto_LCB2v10.csv
189,8150,0.85,10,0,1010,0,5,L-CB2,1.25,LV,..\..\GIGs_ICData\CB_Phyto\Phyto_LCB2v10.csv
190,8150,0.87,39.3,0,1110,0,5,L-CB2,1.401,LV,..\..\GIGs_ICData\CB_Phyto\Phyto_LCB2v10.csv
191,8152,0.335,424,0,1750,0,2,L-CB2,0.335,LV,..\..\GIGs_ICData\CB_Phyto\Phyto_LCB2v10.csv
192,8152,,1380,0,2730,0,NA,L-CB2,,LV,..\..\GIGs_ICData\CB_Phyto\Phyto_LCB2v10.csv
193,8153,0.458,99,0,1210,0,3,L-CB2,0.473,LV,..\..\GIGs_ICData\CB_Phyto\Phyto_LCB2v10.csv
194,8155,0.493,110,0,1300,0,3,L-CB2,0.517,LV,..\..\GIGs_ICData\CB_Phyto\Phyto_LCB2v10.csv
195,8158,0.743,34,0,720,0,4,L-CB2,0.805,LV,..\..\GIGs_ICData\CB_Phyto\Phyto_LCB2v10.csv
196,8159,0.806,38,0,1060,0,5,L-CB2,0.916,LV,..\..\GIGs_ICData\CB_Phyto\Phyto_LCB2v10.csv
197,8160,0.764,55.8,0,,0,4,L-CB2,0.828,NL,..\..\GIGs_ICData\CB_Phyto\Phyto_LCB2v10.csv
198,8162,0.333,63.8,0,,0,2,L-CB2,0.333,NL,..\..\GIGs_ICData\CB_Phyto\Phyto_LCB2v10.csv
199,8163,0.831,46.7,0,,0,5,L-CB2,1.101,NL,..\..\GIGs_ICData\CB_Phyto\Phyto_LCB2v10.csv
200,8164,0.258,205.3,0,3250,0,2,L-CB2,0.258,NL,..\..\GIGs_ICData\CB_Phyto\Phyto_LCB2v10.csv
201,8166,0.431,196.7,0,3920,0,3,L-CB2,0.439,NL,..\..\GIGs_ICData\CB_Phyto\Phyto_LCB2v10.csv
202,8167,0.685,102.5,0,,0,4,L-CB2,0.743,NL,..\..\GIGs_ICData\CB_Phyto\Phyto_LCB2v10.csv
203,8168,0.547,173.5,0,1380,0,3,L-CB2,0.585,NL,..\..\GIGs_ICData\CB_Phyto\Phyto_LCB2v10.csv
204,8169,0.566,124,0,1580,0,3,L-CB2,0.608,NL,..\..\GIGs_ICData\CB_Phyto\Phyto_LCB2v10.csv
205,8170,0.619,113.3,0,,0,4,L-CB2,0.672,NL,..\..\GIGs_ICData\CB_Phyto\Phyto_LCB2v10.csv
206,8172,0.528,110,0,2050,0,3,L-CB2,0.561,NL,..\..\GIGs_ICData\CB_Phyto\Phyto_LCB2v10.csv
207,8173,0.42,131.5,0,2750,0,3,L-CB2,0.425,NL,..\..\GIGs_ICData\CB_Phyto\Phyto_LCB2v10.csv
208,8174,0.503,60.8,0,,0,3,L-CB2,0.529,NL,..\..\GIGs_ICData\CB_Phyto\Phyto_LCB2v10.csv
209,8177,0.359,115,0,1840,0,2,L-CB2,0.359,NL,..\..\GIGs_ICData\CB_Phyto\Phyto_LCB2v10.csv
210,8178,0.75,26.7,0,,0,4,L-CB2,0.813,NL,..\..\GIGs_ICData\CB_Phyto\Phyto_LCB2v10.csv
211,8179,0.504,133.3,0,,0,3,L-CB2,0.53,NL,..\..\GIGs_ICData\CB_Phyto\Phyto_LCB2v10.csv
212,8180,0.696,73.3,0,,0,4,L-CB2,0.755,NL,..\..\GIGs_ICData\CB_Phyto\Phyto_LCB2v10.csv
213,8183,0.313,608.3,0,2420,0,2,L-CB2,0.313,NL,..\..\GIGs_ICData\CB_Phyto\Phyto_LCB2v10.csv
214,8185,0.554,231.7,0,2850,0,3,L-CB2,0.593,NL,..\..\GIGs_ICData\CB_Phyto\Phyto_LCB2v10.csv
215,8186,0.445,115.8,0,,0,3,L-CB2,0.457,NL,..\..\GIGs_ICData\CB_Phyto\Phyto_LCB2v10.csv
216,8188,0.321,975,0,,0,2,L-CB2,0.321,NL,..\..\GIGs_ICData\CB_Phyto\Phyto_LCB2v10.csv
217,8189,0.522,175.3,0,1330,0,3,L-CB2,0.553,NL,..\..\GIGs_ICData\CB_Phyto\Phyto_LCB2v10.csv
218,8190,0.336,60.2,0,1930,0,2,L-CB2,0.336,NL,..\..\GIGs_ICData\CB_Phyto\Phyto_LCB2v10.csv
219,8191,0.288,631.7,0,3810,0,2,L-CB2,0.288,NL,..\..\GIGs_ICData\CB_Phyto\Phyto_LCB2v10.csv
220,8192,0.535,124.2,0,,0,3,L-CB2,0.569,NL,..\..\GIGs_ICData\CB_Phyto\Phyto_LCB2v10.csv
221,8193,0.336,28.3,0,1480,0,2,L-CB2,0.336,NL,..\..\GIGs_ICData\CB_Phyto\Phyto_LCB2v10.csv
222,8194,0.37,75,0,2220,0,2,L-CB2,0.37,NL,..\..\GIGs_ICData\CB_Phyto\Phyto_LCB2v10.csv
223,8195,0.295,101.3,0,3220,0,2,L-CB2,0.295,NL,..\..\GIGs_ICData\CB_Phyto\Phyto_LCB2v10.csv
224,8196,0.387,47.5,0,1560,0,2,L-CB2,0.387,NL,..\..\GIGs_ICData\CB_Phyto\Phyto_LCB2v10.csv
225,8197,0.325,906.7,0,,0,2,L-CB2,0.325,NL,..\..\GIGs_ICData\CB_Phyto\Phyto_LCB2v10.csv
226,8198,0.372,670,0,,0,2,L-CB2,0.372,NL,..\..\GIGs_ICData\CB_Phyto\Phyto_LCB2v10.csv
227,8199,0.803,65,0,,0,5,L-CB2,0.893,NL,..\..\GIGs_ICData\CB_Phyto\Phyto_LCB2v10.csv
228,8203,0.604,77.5,0,,0,4,L-CB2,0.655,NL,..\..\GIGs_ICData\CB_Phyto\Phyto_LCB2v10.csv
229,8204,0.34,243.3,0,4550,0,2,L-CB2,0.34,NL,..\..\GIGs_ICData\CB_Phyto\Phyto_LCB2v10.csv
230,8205,0.496,106.4,0,2340,0,3,L-CB2,0.52,NL,..\..\GIGs_ICData\CB_Phyto\Phyto_LCB2v10.csv
231,8207,0.528,965,0,4150,0,3,L-CB2,0.561,NL,..\..\GIGs_ICData\CB_Phyto\Phyto_LCB2v10.csv
232,8208,0.552,87,0,,0,3,L-CB2,0.591,NL,..\..\GIGs_ICData\CB_Phyto\Phyto_LCB2v10.csv
233,8210,0.555,57.7,0,3560,0,3,L-CB2,0.594,PL,..\..\GIGs_ICData\CB_Phyto\Phyto_LCB2v10.csv
234,8211,0.357,13,1,2120,0,2,L-CB2,0.357,PL,..\..\GIGs_ICData\CB_Phyto\Phyto_LCB2v10.csv
235,8214,0.504,1068.3,0,7060,0,3,L-CB2,0.53,PL,..\..\GIGs_ICData\CB_Phyto\Phyto_LCB2v10.csv
236,8242,0.613,39,0,,0,4,L-CB2,0.665,PL,..\..\GIGs_ICData\CB_Phyto\Phyto_LCB2v10.csv
237,8249,0.449,85.7,0,880,0,3,L-CB2,0.461,PL,..\..\GIGs_ICData\CB_Phyto\Phyto_LCB2v10.csv
238,8258,0.688,25.3,0,390,0,4,L-CB2,0.746,UK,..\..\GIGs_ICData\CB_Phyto\Phyto_LCB2v10.csv
239,8258,0.687,20.4,0,490,0,4,L-CB2,0.745,UK,..\..\GIGs_ICData\CB_Phyto\Phyto_LCB2v10.csv
240,8259,0.811,,0,680,0,5,L-CB2,0.953,UK,..\..\GIGs_ICData\CB_Phyto\Phyto_LCB2v10.csv
241,8259,0.84,30.6,0,810,0,5,L-CB2,1.17,UK,..\..\GIGs_ICData\CB_Phyto\Phyto_LCB2v10.csv
242,8260,0.68,26.6,0,870,0,4,L-CB2,0.737,UK,..\..\GIGs_ICData\CB_Phyto\Phyto_LCB2v10.csv
243,8260,0.802,17.5,0,640,0,5,L-CB2,0.88,UK,..\..\GIGs_ICData\CB_Phyto\Phyto_LCB2v10.csv
244,8262,0.765,44.4,0,790,0,4,L-CB2,0.829,UK,..\..\GIGs_ICData\CB_Phyto\Phyto_LCB2v10.csv
245,8262,0.609,,0,860,0,4,L-CB2,0.661,UK,..\..\GIGs_ICData\CB_Phyto\Phyto_LCB2v10.csv
246,8265,0.512,,0,1440,0,3,L-CB2,0.541,UK,..\..\GIGs_ICData\CB_Phyto\Phyto_LCB2v10.csv
247,8265,0.653,69.4,0,1560,0,4,L-CB2,0.708,UK,..\..\GIGs_ICData\CB_Phyto\Phyto_LCB2v10.csv
248,8268,0.483,,0,1040,0,3,L-CB2,0.504,UK,..\..\GIGs_ICData\CB_Phyto\Phyto_LCB2v10.csv
249,8268,0.833,486.9,0,1090,0,5,L-CB2,1.122,UK,..\..\GIGs_ICData\CB_Phyto\Phyto_LCB2v10.csv
250,8270,0.338,105.9,0,,0,2,L-CB2,0.338,UK,..\..\GIGs_ICData\CB_Phyto\Phyto_LCB2v10.csv
251,8271,0.385,200.9,0,,0,2,L-CB2,0.385,UK,..\..\GIGs_ICData\CB_Phyto\Phyto_LCB2v10.csv
252,8272,0.246,367.5,0,,0,2,L-CB2,0.246,UK,..\..\GIGs_ICData\CB_Phyto\Phyto_LCB2v10.csv
253,8272,0.319,560.5,0,7640,0,2,L-CB2,0.319,UK,..\..\GIGs_ICData\CB_Phyto\Phyto_LCB2v10.csv
254,8274,0.386,161.7,0,,0,2,L-CB2,0.386,UK,..\..\GIGs_ICData\CB_Phyto\Phyto_LCB2v10.csv
255,8277,0.316,111.9,0,,0,2,L-CB2,0.316,UK,..\..\GIGs_ICData\CB_Phyto\Phyto_LCB2v10.csv
256,8278,0.634,163.8,0,,0,4,L-CB2,0.688,UK,..\..\GIGs_ICData\CB_Phyto\Phyto_LCB2v10.csv
257,8279,0.353,232.3,0,1530,0,2,L-CB2,0.353,UK,..\..\GIGs_ICData\CB_Phyto\Phyto_LCB2v10.csv
258,8279,0.399,,0,1580,0,2,L-CB2,0.399,UK,..\..\GIGs_ICData\CB_Phyto\Phyto_LCB2v10.csv
259,8280,0.644,,0,620,0,4,L-CB2,0.699,UK,..\..\GIGs_ICData\CB_Phyto\Phyto_LCB2v10.csv
260,8280,0.618,51,0,670,0,4,L-CB2,0.67,UK,..\..\GIGs_ICData\CB_Phyto\Phyto_LCB2v10.csv
261,8282,0.727,53.1,0,,0,4,L-CB2,0.788,UK,..\..\GIGs_ICData\CB_Phyto\Phyto_LCB2v10.csv
262,8283,0.666,35.6,0,820,0,4,L-CB2,0.722,UK,..\..\GIGs_ICData\CB_Phyto\Phyto_LCB2v10.csv
263,8284,0.449,,0,5430,0,3,L-CB2,0.462,UK,..\..\GIGs_ICData\CB_Phyto\Phyto_LCB2v10.csv
264,8284,0.371,89.7,0,5210,0,2,L-CB2,0.371,UK,..\..\GIGs_ICData\CB_Phyto\Phyto_LCB2v10.csv
265,8289,0.836,25.1,0,650,0,5,L-CB2,1.144,UK,..\..\GIGs_ICData\CB_Phyto\Phyto_LCB2v10.csv
266,8289,0.824,14.5,0,590,0,5,L-CB2,1.052,UK,..\..\GIGs_ICData\CB_Phyto\Phyto_LCB2v10.csv
267,8291,0.321,858.7,0,1180,0,2,L-CB2,0.321,UK,..\..\GIGs_ICData\CB_Phyto\Phyto_LCB2v10.csv
268,8291,0.442,916,0,1360,0,3,L-CB2,0.453,UK,..\..\GIGs_ICData\CB_Phyto\Phyto_LCB2v10.csv
269,8296,0.803,21.3,0,,0,5,L-CB2,0.888,UK,..\..\GIGs_ICData\CB_Phyto\Phyto_LCB2v10.csv
270,8296,0.804,21,0,,0,5,L-CB2,0.895,UK,..\..\GIGs_ICData\CB_Phyto\Phyto_LCB2v10.csv
271,8297,0.722,28.5,0,,0,4,L-CB2,0.783,UK,..\..\GIGs_ICData\CB_Phyto\Phyto_LCB2v10.csv
272,8297,0.826,22.7,0,,0,5,L-CB2,1.066,UK,..\..\GIGs_ICData\CB_Phyto\Phyto_LCB2v10.csv
273,8301,0.846,15.7,0,,0,5,L-CB2,1.22,UK,..\..\GIGs_ICData\CB_Phyto\Phyto_LCB2v10.csv
274,8301,0.806,10.7,0,,0,5,L-CB2,0.911,UK,..\..\GIGs_ICData\CB_Phyto\Phyto_LCB2v10.csv
275,8302,0.836,23.3,0,560,0,5,L-CB2,1.144,UK,..\..\GIGs_ICData\CB_Phyto\Phyto_LCB2v10.csv
276,8302,0.816,,0,530,0,5,L-CB2,0.993,UK,..\..\GIGs_ICData\CB_Phyto\Phyto_LCB2v10.csv
277,8303,0.313,86,0,2550,0,2,L-CB2,0.313,UK,..\..\GIGs_ICData\CB_Phyto\Phyto_LCB2v10.csv
278,8303,0.346,66.6,0,1110,0,2,L-CB2,0.346,UK,..\..\GIGs_ICData\CB_Phyto\Phyto_LCB2v10.csv
279,8309,0.565,536.9,0,,0,3,L-CB2,0.607,UK,..\..\GIGs_ICData\CB_Phyto\Phyto_LCB2v10.csv
280,8310,0.433,116.9,0,,0,3,L-CB2,0.441,UK,..\..\GIGs_ICData\CB_Phyto\Phyto_LCB2v10.csv
281,8316,0.902,69.1,0,,0,5,L-CB2,1.646,UK,..\..\GIGs_ICData\CB_Phyto\Phyto_LCB2v10.csv
282,8316,0.743,66.1,0,,0,4,L-CB2,0.805,UK,..\..\GIGs_ICData\CB_Phyto\Phyto_LCB2v10.csv
283,8317,0.535,,0,950,0,3,L-CB2,0.569,UK,..\..\GIGs_ICData\CB_Phyto\Phyto_LCB2v10.csv
284,8317,0.823,37.6,0,800,0,5,L-CB2,1.047,UK,..\..\GIGs_ICData\CB_Phyto\Phyto_LCB2v10.csv
285,8318,0.81,,0,700,0,5,L-CB2,0.946,UK,..\..\GIGs_ICData\CB_Phyto\Phyto_LCB2v10.csv
286,8318,0.826,22.4,0,650,0,5,L-CB2,1.068,UK,..\..\GIGs_ICData\CB_Phyto\Phyto_LCB2v10.csv
287,8319,0.815,,0,910,0,5,L-CB2,0.979,UK,..\..\GIGs_ICData\CB_Phyto\Phyto_LCB2v10.csv
288,8319,0.821,40.7,0,890,0,5,L-CB2,1.027,UK,..\..\GIGs_ICData\CB_Phyto\Phyto_LCB2v10.csv
289,8321,0.54,,0,430,0,3,L-CB2,0.576,UK,..\..\GIGs_ICData\CB_Phyto\Phyto_LCB2v10.csv
290,8321,0.731,21.2,0,470,0,4,L-CB2,0.793,UK,..\..\GIGs_ICData\CB_Phyto\Phyto_LCB2v10.csv
291,8322,0.715,,0,780,0,4,L-CB2,0.775,UK,..\..\GIGs_ICData\CB_Phyto\Phyto_LCB2v10.csv
292,8322,0.749,86.8,0,790,0,4,L-CB2,0.812,UK,..\..\GIGs_ICData\CB_Phyto\Phyto_LCB2v10.csv
293,8323,0.837,,0,2420,0,5,L-CB2,1.154,UK,..\..\GIGs_ICData\CB_Phyto\Phyto_LCB2v10.csv
294,8323,0.886,19.2,0,1730,0,5,L-CB2,1.526,UK,..\..\GIGs_ICData\CB_Phyto\Phyto_LCB2v10.csv
295,8324,0.627,120.9,0,690,0,4,L-CB2,0.68,UK,..\..\GIGs_ICData\CB_Phyto\Phyto_LCB2v10.csv
296,8324,0.555,140.3,0,770,0,3,L-CB2,0.595,UK,..\..\GIGs_ICData\CB_Phyto\Phyto_LCB2v10.csv
297,8327,0.847,58,0,,0,5,L-CB2,1.231,UK,..\..\GIGs_ICData\CB_Phyto\Phyto_LCB2v10.csv
298,8329,0.433,147,0,,0,3,L-CB2,0.442,UK,..\..\GIGs_ICData\CB_Phyto\Phyto_LCB2v10.csv
299,8330,0.707,129.2,0,,0,4,L-CB2,0.767,UK,..\..\GIGs_ICData\CB_Phyto\Phyto_LCB2v10.csv
300,8330,0.704,35.8,0,,0,4,L-CB2,0.763,UK,..\..\GIGs_ICData\CB_Phyto\Phyto_LCB2v10.csv
301,8330,0.408,32.5,0,,0,3,L-CB2,0.41,UK,..\..\GIGs_ICData\CB_Phyto\Phyto_LCB2v10.csv
302,8330,0.762,37.5,0,,0,4,L-CB2,0.826,UK,..\..\GIGs_ICData\CB_Phyto\Phyto_LCB2v10.csv
303,8331,0.607,420,0,,0,4,L-CB2,0.659,UK,..\..\GIGs_ICData\CB_Phyto\Phyto_LCB2v10.csv
304,8331,0.586,551.7,0,,0,3,L-CB2,0.634,UK,..\..\GIGs_ICData\CB_Phyto\Phyto_LCB2v10.csv
305,8332,0.526,195.8,0,,0,3,L-CB2,0.558,UK,..\..\GIGs_ICData\CB_Phyto\Phyto_LCB2v10.csv
306,8334,0.786,272.5,0,,0,4,L-CB2,0.852,UK,..\..\GIGs_ICData\CB_Phyto\Phyto_LCB2v10.csv
307,8335,0.561,,0,1550,0,3,L-CB2,0.602,UK,..\..\GIGs_ICData\CB_Phyto\Phyto_LCB2v10.csv
308,8335,0.494,84.2,0,1450,0,3,L-CB2,0.518,UK,..\..\GIGs_ICData\CB_Phyto\Phyto_LCB2v10.csv
309,8339,0.814,31.3,0,,0,5,L-CB2,0.971,UK,..\..\GIGs_ICData\CB_Phyto\Phyto_LCB2v10.csv
310,8339,0.706,25,0,,0,4,L-CB2,0.766,UK,..\..\GIGs_ICData\CB_Phyto\Phyto_LCB2v10.csv
311,8339,0.812,25,0,,0,5,L-CB2,0.956,UK,..\..\GIGs_ICData\CB_Phyto\Phyto_LCB2v10.csv
312,8339,0.81,26.7,0,,0,5,L-CB2,0.942,UK,..\..\GIGs_ICData\CB_Phyto\Phyto_LCB2v10.csv
313,3598,0.797,14.8,0,1680,0,4,NGIG,0.864,NO,..\..\GIGs_ICData\CB_Phyto\Phyto_LCB2v10.csv
314,3607,0.813,44.3,0,2950,0,5,NGIG,0.968,NO,..\..\GIGs_ICData\CB_Phyto\Phyto_LCB2v10.csv
315,3704,0.845,30.8,0,750,0,5,NGIG,1.214,NO,..\..\GIGs_ICData\CB_Phyto\Phyto_LCB2v10.csv
316,3713,0.894,13.5,0,250,0,5,NGIG,1.591,NO,..\..\GIGs_ICData\CB_Phyto\Phyto_LCB2v10.csv
317,3729,0.858,29.7,0,560,0,5,NGIG,1.311,NO,..\..\GIGs_ICData\CB_Phyto\Phyto_LCB2v10.csv
318,3730,0.849,16.3,0,550,0,5,NGIG,1.24,NO,..\..\GIGs_ICData\CB_Phyto\Phyto_LCB2v10.csv
319,3787,,161.3,0,1080,0,NA,L-CB2,,NO,..\..\GIGs_ICData\CB_Phyto\Phyto_LCB2v10.csv
320,3788,,159.3,0,890,0,NA,L-CB2,,NO,..\..\GIGs_ICData\CB_Phyto\Phyto_LCB2v10.csv
321,3791,,209,0,1730,0,NA,L-CB2,,NO,..\..\GIGs_ICData\CB_Phyto\Phyto_LCB2v10.csv
322,3793,,16,0,390,0,NA,L-CB2,,NO,..\..\GIGs_ICData\CB_Phyto\Phyto_LCB2v10.csv
323,3794,,21,0,480,0,NA,L-CB2,,NO,..\..\GIGs_ICData\CB_Phyto\Phyto_LCB2v10.csv
324,3795,,255,0,1990,0,NA,L-CB2,,NO,..\..\GIGs_ICData\CB_Phyto\Phyto_LCB2v10.csv
325,3807,,710.7,0,1750,0,NA,L-CB2,,NO,..\..\GIGs_ICData\CB_Phyto\Phyto_LCB2v10.csv
326,3815,,14.3,0,620,0,NA,L-CB2,,NO,..\..\GIGs_ICData\CB_Phyto\Phyto_LCB2v10.csv
327,3819,,166,0,570,0,NA,L-CB2,,NO,..\..\GIGs_ICData\CB_Phyto\Phyto_LCB2v10.csv
328,3852,0.405,113.3,0,1530,0,3,NGIG,0.406,NO,..\..\GIGs_ICData\CB_Phyto\Phyto_LCB2v10.csv
329,3852,0.823,84.5,0,970,0,5,NGIG,1.042,NO,..\..\GIGs_ICData\CB_Phyto\Phyto_LCB2v10.csv
330,3860,0.484,798,0,1740,0,3,NGIG,0.505,NO,..\..\GIGs_ICData\CB_Phyto\Phyto_LCB2v10.csv
331,3860,0.573,513,0,1820,0,3,NGIG,0.617,NO,..\..\GIGs_ICData\CB_Phyto\Phyto_LCB2v10.csv
332,3969,0.832,15,0,490,0,5,NGIG,1.109,NO,..\..\GIGs_ICData\CB_Phyto\Phyto_LCB2v10.csv
333,3969,0.833,17,0,490,0,5,NGIG,1.121,NO,..\..\GIGs_ICData\CB_Phyto\Phyto_LCB2v10.csv
334,3969,0.823,15.3,0,550,0,5,NGIG,1.043,NO,..\..\GIGs_ICData\CB_Phyto\Phyto_LCB2v10.csv
335,3969,0.81,16.3,0,420,0,5,NGIG,0.943,NO,..\..\GIGs_ICData\CB_Phyto\Phyto_LCB2v10.csv
336,4151,0.659,47,0,970,0,4,NGIG,0.715,SE,..\..\GIGs_ICData\CB_Phyto\Phyto_LCB2v10.csv
337,4151,0.714,49,0,1170,0,4,NGIG,0.774,SE,..\..\GIGs_ICData\CB_Phyto\Phyto_LCB2v10.csv
338,4151,0.802,43,0,900,0,5,NGIG,0.885,SE,..\..\GIGs_ICData\CB_Phyto\Phyto_LCB2v10.csv
339,4151,0.74,30,0,1040,0,4,NGIG,0.802,SE,..\..\GIGs_ICData\CB_Phyto\Phyto_LCB2v10.csv
340,4151,0.75,36.5,0,1020,0,4,NGIG,0.813,SE,..\..\GIGs_ICData\CB_Phyto\Phyto_LCB2v10.csv
341,4151,0.7,39.5,0,730,0,4,NGIG,0.759,SE,..\..\GIGs_ICData\CB_Phyto\Phyto_LCB2v10.csv
342,4151,0.782,33.5,0,1040,0,4,NGIG,0.848,SE,..\..\GIGs_ICData\CB_Phyto\Phyto_LCB2v10.csv
343,4151,0.692,48,0,780,0,4,NGIG,0.75,SE,..\..\GIGs_ICData\CB_Phyto\Phyto_LCB2v10.csv
344,4148,0.971,7,0,430,0,5,NGIG,2.175,SE,..\..\GIGs_ICData\CB_Phyto\Phyto_LCB2v10.csv
345,4148,0.928,2.5,0,760,0,5,NGIG,1.849,SE,..\..\GIGs_ICData\CB_Phyto\Phyto_LCB2v10.csv
346,4148,0.954,7.5,0,540,0,5,NGIG,2.047,SE,..\..\GIGs_ICData\CB_Phyto\Phyto_LCB2v10.csv
347,4148,0.994,6,0,870,0,5,NGIG,2.351,SE,..\..\GIGs_ICData\CB_Phyto\Phyto_LCB2v10.csv
348,4148,0.928,8.5,0,560,0,5,NGIG,1.85,SE,..\..\GIGs_ICData\CB_Phyto\Phyto_LCB2v10.csv
349,4148,0.94,7,0,650,0,5,NGIG,1.941,SE,..\..\GIGs_ICData\CB_Phyto\Phyto_LCB2v10.csv
350,4148,0.922,5.5,0,490,0,5,NGIG,1.802,SE,..\..\GIGs_ICData\CB_Phyto\Phyto_LCB2v10.csv
351,4142,0.799,27,0,1060,0,4,NGIG,0.866,SE,..\..\GIGs_ICData\CB_Phyto\Phyto_LCB2v10.csv
352,4142,0.65,24.5,0,1120,0,4,NGIG,0.705,SE,..\..\GIGs_ICData\CB_Phyto\Phyto_LCB2v10.csv
353,4142,0.689,29.5,0,1030,0,4,NGIG,0.747,SE,..\..\GIGs_ICData\CB_Phyto\Phyto_LCB2v10.csv
354,4142,0.759,29,0,900,0,4,NGIG,0.823,SE,..\..\GIGs_ICData\CB_Phyto\Phyto_LCB2v10.csv
355,4142,0.813,30,0,1060,0,5,NGIG,0.969,SE,..\..\GIGs_ICData\CB_Phyto\Phyto_LCB2v10.csv
356,4142,0.819,17.5,0,1100,0,5,NGIG,1.011,SE,..\..\GIGs_ICData\CB_Phyto\Phyto_LCB2v10.csv
357,4142,0.801,32.5,0,1060,0,5,NGIG,0.874,SE,..\..\GIGs_ICData\CB_Phyto\Phyto_LCB2v10.csv
358,4142,0.812,26.5,0,1350,0,5,NGIG,0.957,SE,..\..\GIGs_ICData\CB_Phyto\Phyto_LCB2v10.csv
359,4142,0.799,27,0,1060,0,4,NGIG,0.866,SE,..\..\GIGs_ICData\CB_Phyto\Phyto_LCB2v10.csv
360,4142,0.65,24.5,0,1120,0,4,NGIG,0.705,SE,..\..\GIGs_ICData\CB_Phyto\Phyto_LCB2v10.csv
361,4142,0.689,29.5,0,1030,0,4,NGIG,0.747,SE,..\..\GIGs_ICData\CB_Phyto\Phyto_LCB2v10.csv
362,4142,0.759,29,0,900,0,4,NGIG,0.823,SE,..\..\GIGs_ICData\CB_Phyto\Phyto_LCB2v10.csv
363,4142,0.813,30,0,1060,0,5,NGIG,0.969,SE,..\..\GIGs_ICData\CB_Phyto\Phyto_LCB2v10.csv
364,4142,0.819,17.5,0,1100,0,5,NGIG,1.011,SE,..\..\GIGs_ICData\CB_Phyto\Phyto_LCB2v10.csv
365,4142,0.801,32.5,0,1060,0,5,NGIG,0.874,SE,..\..\GIGs_ICData\CB_Phyto\Phyto_LCB2v10.csv
366,4142,0.812,26.5,0,1350,0,5,NGIG,0.957,SE,..\..\GIGs_ICData\CB_Phyto\Phyto_LCB2v10.csv
367,4148,0.971,7,0,430,0,5,NGIG,2.175,SE,..\..\GIGs_ICData\CB_Phyto\Phyto_LCB2v10.csv
368,4148,0.928,2.5,0,760,0,5,NGIG,1.849,SE,..\..\GIGs_ICData\CB_Phyto\Phyto_LCB2v10.csv
369,4148,0.954,7.5,0,540,0,5,NGIG,2.047,SE,..\..\GIGs_ICData\CB_Phyto\Phyto_LCB2v10.csv
370,4148,0.994,6,0,870,0,5,NGIG,2.351,SE,..\..\GIGs_ICData\CB_Phyto\Phyto_LCB2v10.csv
371,4148,0.928,8.5,0,560,0,5,NGIG,1.85,SE,..\..\GIGs_ICData\CB_Phyto\Phyto_LCB2v10.csv
372,4148,0.94,7,0,650,0,5,NGIG,1.941,SE,..\..\GIGs_ICData\CB_Phyto\Phyto_LCB2v10.csv
373,4148,0.922,5.5,0,490,0,5,NGIG,1.802,SE,..\..\GIGs_ICData\CB_Phyto\Phyto_LCB2v10.csv
374,4151,0.659,47,0,970,0,4,NGIG,0.715,SE,..\..\GIGs_ICData\CB_Phyto\Phyto_LCB2v10.csv
375,4151,0.714,49,0,1170,0,4,NGIG,0.774,SE,..\..\GIGs_ICData\CB_Phyto\Phyto_LCB2v10.csv
376,4151,0.802,43,0,900,0,5,NGIG,0.885,SE,..\..\GIGs_ICData\CB_Phyto\Phyto_LCB2v10.csv
377,4151,0.74,30,0,1040,0,4,NGIG,0.802,SE,..\..\GIGs_ICData\CB_Phyto\Phyto_LCB2v10.csv
378,4151,0.75,36.5,0,1020,0,4,NGIG,0.813,SE,..\..\GIGs_ICData\CB_Phyto\Phyto_LCB2v10.csv
379,4151,0.7,39.5,0,730,0,4,NGIG,0.759,SE,..\..\GIGs_ICData\CB_Phyto\Phyto_LCB2v10.csv
380,4151,0.782,33.5,0,1040,0,4,NGIG,0.848,SE,..\..\GIGs_ICData\CB_Phyto\Phyto_LCB2v10.csv
381,4151,0.692,48,0,780,0,4,NGIG,0.75,SE,..\..\GIGs_ICData\CB_Phyto\Phyto_LCB2v10.csv
382,Row3,0.8,498,0,572,0,4,L-EC1,0.8,HU,..\..\GIGs_ICData\EC_Phyto\ECGIG_Nutrient_data_table.xlsx
383,Row4,0.68,190,0,372,0,4,L-EC1,0.68,HU,..\..\GIGs_ICData\EC_Phyto\ECGIG_Nutrient_data_table.xlsx
384,Row5,0.92,65,0,1640,0,5,L-EC1,0.92,HU,..\..\GIGs_ICData\EC_Phyto\ECGIG_Nutrient_data_table.xlsx
385,Row6,0.6,42,0,679.5,0,3,L-EC1,0.6,RO,..\..\GIGs_ICData\EC_Phyto\ECGIG_Nutrient_data_table.xlsx
386,Row7,0.81,58,0,644.5,0,5,L-EC1,0.81,RO,..\..\GIGs_ICData\EC_Phyto\ECGIG_Nutrient_data_table.xlsx
387,Row8,0.86,110,0,482,0,5,L-EC1,0.86,RO,..\..\GIGs_ICData\EC_Phyto\ECGIG_Nutrient_data_table.xlsx
388,Row9,0.85,422,0,588,0,5,L-EC1,0.85,HU,..\..\GIGs_ICData\EC_Phyto\ECGIG_Nutrient_data_table.xlsx
389,Row10,0.71,316,0,288,0,4,L-EC1,0.71,HU,..\..\GIGs_ICData\EC_Phyto\ECGIG_Nutrient_data_table.xlsx
390,Row11,0.73,50,0,1120,0,4,L-EC1,0.73,HU,..\..\GIGs_ICData\EC_Phyto\ECGIG_Nutrient_data_table.xlsx
391,Row12,0.66,512,0,571,0,4,L-EC1,0.66,HU,..\..\GIGs_ICData\EC_Phyto\ECGIG_Nutrient_data_table.xlsx
392,Row13,0.78,422,0,350,0,4,L-EC1,0.78,HU,..\..\GIGs_ICData\EC_Phyto\ECGIG_Nutrient_data_table.xlsx
393,Row14,0.77,770,0,370,0,4,L-EC1,0.77,HU,..\..\GIGs_ICData\EC_Phyto\ECGIG_Nutrient_data_table.xlsx
394,Row15,0.79,54,0,860,0,4,L-EC1,0.79,HU,..\..\GIGs_ICData\EC_Phyto\ECGIG_Nutrient_data_table.xlsx
395,Row16,0.62,273,0,556.6666667,0,4,L-EC1,0.62,HU,..\..\GIGs_ICData\EC_Phyto\ECGIG_Nutrient_data_table.xlsx
396,Row17,0.8,293,0,525,0,4,L-EC1,0.8,HU,..\..\GIGs_ICData\EC_Phyto\ECGIG_Nutrient_data_table.xlsx
397,Row18,0.68,412,0,360,0,4,L-EC1,0.68,HU,..\..\GIGs_ICData\EC_Phyto\ECGIG_Nutrient_data_table.xlsx
398,Row19,0.72,240,0,1104.1,0,4,L-EC1,0.72,RO,..\..\GIGs_ICData\EC_Phyto\ECGIG_Nutrient_data_table.xlsx
399,Row20,0.59,526,0,1154,0,3,L-EC1,0.59,RO,..\..\GIGs_ICData\EC_Phyto\ECGIG_Nutrient_data_table.xlsx
400,Row21,0.79,292,0,902,0,4,L-EC1,0.79,HU,..\..\GIGs_ICData\EC_Phyto\ECGIG_Nutrient_data_table.xlsx
401,Row22,0.72,755,0,477.5,0,4,L-EC1,0.72,HU,..\..\GIGs_ICData\EC_Phyto\ECGIG_Nutrient_data_table.xlsx
402,Row23,0.75,390,0,476,0,4,L-EC1,0.75,HU,..\..\GIGs_ICData\EC_Phyto\ECGIG_Nutrient_data_table.xlsx
403,Row24,0.79,390,0,898,0,4,L-EC1,0.79,HU,..\..\GIGs_ICData\EC_Phyto\ECGIG_Nutrient_data_table.xlsx
404,Row25,0.84,336,0,1560,0,5,L-EC1,0.84,HU,..\..\GIGs_ICData\EC_Phyto\ECGIG_Nutrient_data_table.xlsx
405,Row26,0.59,105,0,1065,0,3,L-EC1,0.59,HU,..\..\GIGs_ICData\EC_Phyto\ECGIG_Nutrient_data_table.xlsx
406,Row27,0.62,83,0,2175,0,4,L-EC1,0.62,HU,..\..\GIGs_ICData\EC_Phyto\ECGIG_Nutrient_data_table.xlsx
407,Row28,0.79,330,0,560,0,4,L-EC1,0.79,HU,..\..\GIGs_ICData\EC_Phyto\ECGIG_Nutrient_data_table.xlsx
408,Row29,0.68,59,0,1220,0,4,L-EC1,0.68,HU,..\..\GIGs_ICData\EC_Phyto\ECGIG_Nutrient_data_table.xlsx
409,Row30,0.7,200,0,521,0,4,L-EC1,0.7,HU,..\..\GIGs_ICData\EC_Phyto\ECGIG_Nutrient_data_table.xlsx
410,Row31,0.76,94,0,352,0,4,L-EC1,0.76,HU,..\..\GIGs_ICData\EC_Phyto\ECGIG_Nutrient_data_table.xlsx
411,Row32,0.71,883,0,440,0,4,L-EC1,0.71,HU,..\..\GIGs_ICData\EC_Phyto\ECGIG_Nutrient_data_table.xlsx
412,Row33,0.53,136,0,2060,0,3,L-EC1,0.53,HU,..\..\GIGs_ICData\EC_Phyto\ECGIG_Nutrient_data_table.xlsx
413,Row34,0.88,107,0,1066.666667,0,5,L-EC1,0.88,HU,..\..\GIGs_ICData\EC_Phyto\ECGIG_Nutrient_data_table.xlsx
414,Row35,0.63,180,0,1706,0,4,L-EC1,0.63,RO,..\..\GIGs_ICData\EC_Phyto\ECGIG_Nutrient_data_table.xlsx
415,Row36,0.68,210,0,1553.5,0,4,L-EC1,0.68,RO,..\..\GIGs_ICData\EC_Phyto\ECGIG_Nutrient_data_table.xlsx
416,Row37,0.82,330,0,521,0,5,L-EC1,0.82,HU,..\..\GIGs_ICData\EC_Phyto\ECGIG_Nutrient_data_table.xlsx
417,Row38,0.64,666,0,640,0,4,L-EC1,0.64,HU,..\..\GIGs_ICData\EC_Phyto\ECGIG_Nutrient_data_table.xlsx
418,Row39,0.71,605,0,1380,0,4,L-EC1,0.71,HU,..\..\GIGs_ICData\EC_Phyto\ECGIG_Nutrient_data_table.xlsx
419,Row40,0.39,331,0,5960,0,2,L-EC1,0.39,HU,..\..\GIGs_ICData\EC_Phyto\ECGIG_Nutrient_data_table.xlsx
420,Row41,0.44,125,0,1957.5,0,3,L-EC1,0.44,HU,..\..\GIGs_ICData\EC_Phyto\ECGIG_Nutrient_data_table.xlsx
421,Row42,0.31,97,0,2700,0,2,L-EC1,0.31,HU,..\..\GIGs_ICData\EC_Phyto\ECGIG_Nutrient_data_table.xlsx
422,Row43,0.75,109,0,1188,0,4,L-EC1,0.75,HU,..\..\GIGs_ICData\EC_Phyto\ECGIG_Nutrient_data_table.xlsx
423,Row44,0.53,326,0,15333.33333,0,3,L-EC1,0.53,HU,..\..\GIGs_ICData\EC_Phyto\ECGIG_Nutrient_data_table.xlsx
424,Row45,0.63,282,0,1080,0,4,L-EC1,0.63,HU,..\..\GIGs_ICData\EC_Phyto\ECGIG_Nutrient_data_table.xlsx
425,Row46,0.63,213,0,1200,0,4,L-EC1,0.63,HU,..\..\GIGs_ICData\EC_Phyto\ECGIG_Nutrient_data_table.xlsx
426,Row47,0.85,377,0,845,0,5,L-EC1,0.85,HU,..\..\GIGs_ICData\EC_Phyto\ECGIG_Nutrient_data_table.xlsx
427,Row48,0.7,191,0,1905,0,4,L-EC1,0.7,RO,..\..\GIGs_ICData\EC_Phyto\ECGIG_Nutrient_data_table.xlsx
428,Row49,0.79,205,0,2006,0,4,L-EC1,0.79,RO,..\..\GIGs_ICData\EC_Phyto\ECGIG_Nutrient_data_table.xlsx
429,Row50,0.79,135,0,1090,0,4,L-EC1,0.79,RO,..\..\GIGs_ICData\EC_Phyto\ECGIG_Nutrient_data_table.xlsx
430,Row51,0.57,588,0,1715,0,3,L-EC1,0.57,HU,..\..\GIGs_ICData\EC_Phyto\ECGIG_Nutrient_data_table.xlsx
431,Row52,0.6,373,0,1740,0,3,L-EC1,0.6,HU,..\..\GIGs_ICData\EC_Phyto\ECGIG_Nutrient_data_table.xlsx
432,Row53,0.59,727,0,2266.666667,0,3,L-EC1,0.59,HU,..\..\GIGs_ICData\EC_Phyto\ECGIG_Nutrient_data_table.xlsx
433,Row54,0.57,684,0,1780,0,3,L-EC1,0.57,HU,..\..\GIGs_ICData\EC_Phyto\ECGIG_Nutrient_data_table.xlsx
434,Row55,0.45,312,0,2220,0,3,L-EC1,0.45,HU,..\..\GIGs_ICData\EC_Phyto\ECGIG_Nutrient_data_table.xlsx
435,Row56,0.61,457,0,653.3333333,0,4,L-EC1,0.61,HU,..\..\GIGs_ICData\EC_Phyto\ECGIG_Nutrient_data_table.xlsx
436,Row57,0.65,440,0,528,0,4,L-EC1,0.65,HU,..\..\GIGs_ICData\EC_Phyto\ECGIG_Nutrient_data_table.xlsx
437,Row58,0.51,188,0,1200,0,3,L-EC1,0.51,HU,..\..\GIGs_ICData\EC_Phyto\ECGIG_Nutrient_data_table.xlsx
438,Row59,0.8,80,0,1175,0,4,L-EC1,0.8,HU,..\..\GIGs_ICData\EC_Phyto\ECGIG_Nutrient_data_table.xlsx
439,Row60,0.84,170,0,1433.333333,0,5,L-EC1,0.84,HU,..\..\GIGs_ICData\EC_Phyto\ECGIG_Nutrient_data_table.xlsx
440,Row61,0.58,84,0,1176.3,0,3,L-EC1,0.58,BG,..\..\GIGs_ICData\EC_Phyto\ECGIG_Nutrient_data_table.xlsx
441,Row62,0.19,408,0,2694,0,1,L-EC1,0.19,HU,..\..\GIGs_ICData\EC_Phyto\ECGIG_Nutrient_data_table.xlsx
442,Row63,0.39,269,0,1212,0,2,L-EC1,0.39,HU,..\..\GIGs_ICData\EC_Phyto\ECGIG_Nutrient_data_table.xlsx
443,Row64,0.49,262,0,766,0,3,L-EC1,0.49,HU,..\..\GIGs_ICData\EC_Phyto\ECGIG_Nutrient_data_table.xlsx
444,Row65,0.13,300,0,576,0,1,L-EC1,0.13,HU,..\..\GIGs_ICData\EC_Phyto\ECGIG_Nutrient_data_table.xlsx
445,Row66,0.08,1053,0,2030,0,1,L-EC1,0.08,HU,..\..\GIGs_ICData\EC_Phyto\ECGIG_Nutrient_data_table.xlsx
446,Row67,0.42,386,0,1853,0,3,L-EC1,0.42,HU,..\..\GIGs_ICData\EC_Phyto\ECGIG_Nutrient_data_table.xlsx
447,Row68,0.27,420,0,375,0,2,L-EC1,0.27,HU,..\..\GIGs_ICData\EC_Phyto\ECGIG_Nutrient_data_table.xlsx
448,Row69,0.45,410,0,16505,0,3,L-EC1,0.45,HU,..\..\GIGs_ICData\EC_Phyto\ECGIG_Nutrient_data_table.xlsx
449,Row70,0.14,2788,0,1867.5,0,1,L-EC1,0.14,HU,..\..\GIGs_ICData\EC_Phyto\ECGIG_Nutrient_data_table.xlsx
450,Row71,0.51,288,0,2325,0,3,L-EC1,0.51,HU,..\..\GIGs_ICData\EC_Phyto\ECGIG_Nutrient_data_table.xlsx
451,Row72,0.25,715,0,1482.5,0,2,L-EC1,0.25,HU,..\..\GIGs_ICData\EC_Phyto\ECGIG_Nutrient_data_table.xlsx
452,Row73,0.29,1527,0,1673.333333,0,2,L-EC1,0.29,HU,..\..\GIGs_ICData\EC_Phyto\ECGIG_Nutrient_data_table.xlsx
453,Row74,0.44,158,0,1925,0,3,L-EC1,0.44,HU,..\..\GIGs_ICData\EC_Phyto\ECGIG_Nutrient_data_table.xlsx
454,Row75,0.23,570,0,880,0,2,L-EC1,0.23,HU,..\..\GIGs_ICData\EC_Phyto\ECGIG_Nutrient_data_table.xlsx
455,Row76,0.21,288,0,1385,0,2,L-EC1,0.21,HU,..\..\GIGs_ICData\EC_Phyto\ECGIG_Nutrient_data_table.xlsx
456,Row77,0.44,308,0,1952.5,0,3,L-EC1,0.44,HU,..\..\GIGs_ICData\EC_Phyto\ECGIG_Nutrient_data_table.xlsx
457,Row78,0.42,450,0,2470,0,3,L-EC1,0.42,HU,..\..\GIGs_ICData\EC_Phyto\ECGIG_Nutrient_data_table.xlsx
458,Row79,0.45,53,0,1354.7,0,3,L-EC1,0.45,RO,..\..\GIGs_ICData\EC_Phyto\ECGIG_Nutrient_data_table.xlsx
459,Row80,0.44,65,0,2124,0,3,L-EC1,0.44,RO,..\..\GIGs_ICData\EC_Phyto\ECGIG_Nutrient_data_table.xlsx
460,Row81,0.46,91,0,1656,0,3,L-EC1,0.46,RO,..\..\GIGs_ICData\EC_Phyto\ECGIG_Nutrient_data_table.xlsx
461,Row82,0.54,93,0,849.4,0,3,L-EC1,0.54,RO,..\..\GIGs_ICData\EC_Phyto\ECGIG_Nutrient_data_table.xlsx
